"";"x"
"1";"Pickwick"
"2";"Oliver_Twist"
"3";"Nicholas_Nickleby"
"4";"The_Old_Curiosity_Shop"
"5";"Barnaby_Rudge"
"6";"Martin_Chuzzlewit"
"7";"Dombey_and_Son"
"8";"David_Copperfield"
"9";"Bleak_House"
"10";"Hard_Times"
"11";"Little_Dorrit"
"12";"A_Tale_of_Two_Cities"
"13";"Great_Expectations"
"14";"Our_Mutual_Friend"
"15";"Mystery_of_Edwin_Drood"
"16";"Pickwick"
"17";"Oliver_Twist"
"18";"Nicholas_Nickleby"
"19";"The_Old_Curiosity_Shop"
"20";"Barnaby_Rudge"
"21";"Martin_Chuzzlewit"
"22";"Dombey_and_Son"
"23";"David_Copperfield"
"24";"Bleak_House"
"25";"Hard_Times"
"26";"Little_Dorrit"
"27";"A_Tale_of_Two_Cities"
"28";"Great_Expectations"
"29";"Our_Mutual_Friend"
"30";"Mystery_of_Edwin_Drood"
